INSERT INTO Place (Place_ID, Address) VALUES
(1, 'г. Долгопрудный, ул. Первомайская, д. 3а'),
(2, 'г. Долгопрудный, ул. Первомайская, д. 7а');

INSERT INTO Worker (Worker_ID, Surname, Name, Job_title, Place) VALUES
(1, 'Иванов', 'Петр', 'Повар', 1),
(2, 'Сидоров', 'Иван', 'Повар', 1),
(3, 'Петров', 'Алексей', 'Повар', 1),
(4, 'Смирнова', 'Елена', 'Повар', 2),
(5, 'Козлов', 'Михаил', 'Повар', 2),
(6, 'Васильева', 'Анна', 'Уборщик', 1),
(7, 'Николаев', 'Дмитрий', 'Уборщик', 1),
(8, 'Кузнецов', 'Олег', 'Уборщик', 2),
(9, 'Морозов', 'Никита', 'Уборщик', 2),
(10, 'Соколова', 'Ирина', 'Заготовщик', 1),
(11, 'Белов', 'Артем', 'Заготовщик', 1),
(12, 'Андреева', 'Екатерина', 'Заготовщик', 2),
(13, 'Григорьев', 'Степан', 'Грузщик', 1),
(14, 'Орлова', 'Ольга', 'Грузщик', 2),
(15, 'Комаров', 'Владимир', 'Менеджер', 1),
(16, 'Морозов', 'Никита', 'Менеджер', 2);

INSERT INTO Menu_chapters (Chapter_ID, Chapter_name) VALUES
(1, 'Шаурма'),
(2, 'Горячие обеды'),
(3, 'Сытные блины'),
(4, 'Сладкие блины'),
(5, 'Хотдоги'),
(6, 'Самса'),
(7, 'Беляши'),
(8, 'Шашлык'),
(9, 'Лепешки'),
(10, 'Донер'),
(11, 'Десерты'),
(12, 'Кофе'),
(13, 'Чай'),
(14, 'Газировка'),
(15, 'Компот');


INSERT INTO Menu (Dish_ID, Dish_name, Price, Chapter_ID) VALUES
(1, 'Шаурма в обычном лаваше', 220, 1),
(2, 'Шаурма в сырном лаваше', 220, 1),
(3, 'Шаурма с сыром', 250, 1),
(4, 'Шаурма ассорти', 320, 1),
(5, 'Шаурма в тарелке', 220, 1),
(6, 'Ланч наггетсы', 280, 2),
(7, 'Ланч кордон блю', 280, 2),
(8, 'Ланч стрипсы', 280, 2),
(9, 'Ланч купаты', 280, 2),
(10, 'Картошка фри', 280, 2),
(11, 'Блин с ветчиной и сыром', 230, 3),
(12, 'Блин с ветчиной сыром и яйцом', 260, 3),
(13, 'Блин с беконом и сыром', 230, 3),
(14, 'Блин с беконом сыром и картошкой', 260, 3),
(15, 'Блин цезарь', 320, 3),
(16, 'Блин ягодный микс', 200, 4),
(17, 'Блин с творогом и сгущенкой', 160, 4),
(18, 'Блин бананом и шоколадом', 160, 4),
(19, 'Блин с малиной', 130, 4),
(20, 'Блин со сгущенкой', 130, 4),
(21, 'Хотдог со свининой', 220, 5),
(22, 'Хотдог с курицей', 220, 5),
(23, 'Самса с сыром', 150, 6),
(24, 'Самса с бараниной', 200, 6),
(25, 'Биляш с бараниной', 200, 7),
(26, 'Биляш с курицей', 180, 7),
(27, 'Шашлык из свинины', 250, 8),
(28, 'Шашлык из курицы', 250, 8),
(29, 'Шашлык из говядины', 300, 8),
(30, 'Лепешка', 100, 9),
(31, 'Лепешка с сыром', 120, 9),
(32, 'Донер', 260, 10),
(33, 'Донер фирменый', 300, 10),
(34, 'Наполеон', 120, 11),
(35, 'Картошка', 120, 11),
(36, 'Американо 0.2л', 80, 12),
(37, 'Капучино 0.2л', 80, 12),
(38, 'Латте 0.2л', 80, 12),
(39, 'Черный чай 0.2л', 70, 13),
(40, 'Зеленый чай 0.2л', 70, 13),
(41, 'Кола "Добрый"', 110, 14),
(42, 'Кола "Черноголовка"', 110, 14),
(43, 'Компот из вишни', 60, 15),
(44, 'Компот из сухофруктов', 60, 15);

INSERT INTO Buyer (Buyer_ID, Bank_number, Surname, Name) VALUES
(1, '40802 8100 12345678', 'Иванов', 'Иван'),
(2, '42501 8100 98765432', 'Петров', 'Петр'),
(3, '42301 8100 24681357', 'Сидоров', 'Алексей'),
(4, '40801 8100 55555555', 'Смирнова', 'Мария'),
(5, '42501 8100 77777777', 'Козлов', 'Дмитрий'),
(6, '42301 8100 99999999', 'Павлова', 'Екатерина'),
(7, '40802 8100 11112222', 'Васильев', 'Андрей'),
(8, '42501 8100 33334444', 'Николаев', 'Сергей'),
(9, '42301 8100 55556666', 'Кузнецова', 'Ольга'),
(10, '40801 8100 77778888', 'Морозов', 'Артем'),
(11, '42501 8100 99990000', 'Зайцев', 'Игорь'),
(12, '42301 8100 12341234', 'Белова', 'Анастасия'),
(13, '40802 8100 56785678', 'Григорьев', 'Александр'),
(14, '42501 8100 89018901', 'Дмитриева', 'Татьяна'),
(15, '42301 8100 23452345', 'Орлов', 'Владимир');

INSERT INTO Orders (Order_ID, Buyer, Place, Dish, Worker, Date) VALUES
(1, 4, 1, 38, 2, '2022-03-20'),
(2, 12, 2, 4, 4, '2022-03-20'),
(3, 14, 1, 10, 3, '2022-03-20'),
(4, 14, 1, 18, 2, '2022-03-20'),
(5, 7, 1, 14, 1, '2022-03-20'),
(6, 9, 2, 25, 4, '2022-03-20'),
(7, 12, 2, 2, 5, '2022-03-20'),
(8, 2, 2, 39, 5, '2022-03-20'),
(9, 11, 1, 8, 2, '2022-03-20'),
(10, 8, 2, 19, 5, '2022-03-20'),
(11, 6, 1, 4, 2, '2022-03-20'),
(12, 3, 1, 40, 1, '2022-03-20'),
(13, 2, 1, 10, 3, '2022-03-20'),
(14, 10, 2, 7, 5, '2022-03-20'),
(15, 6, 1, 34, 3, '2022-03-20'),
(16, 1, 1, 11, 2, '2022-03-20'),
(17, 9, 2, 35, 5, '2022-03-20'),
(18, 1, 1, 43, 1, '2022-03-20'),
(19, 6, 2, 12, 5, '2022-03-20'),
(20, 14, 2, 43, 4, '2022-03-20'),
(21, 9, 1, 1, 1, '2022-03-20'),
(22, 13, 1, 14, 3, '2022-03-20'),
(23, 4, 1, 27, 3, '2022-03-20'),
(24, 7, 2, 22, 4, '2022-03-20'),
(25, 13, 1, 30, 3, '2022-03-20'),
(26, 4, 2, 41, 5, '2022-03-20'),
(27, 2, 2, 30, 5, '2022-03-20'),
(28, 14, 1, 5, 2, '2022-03-21'),
(29, 8, 2, 24, 4, '2022-03-21'),
(30, 15, 2, 43, 5, '2022-03-21'),
(31, 2, 2, 29, 4, '2022-03-21'),
(32, 4, 1, 23, 1, '2022-03-21'),
(33, 4, 1, 36, 3, '2022-03-21'),
(34, 10, 2, 4, 4, '2022-03-21'),
(35, 1, 2, 33, 4, '2022-03-21'),
(36, 7, 1, 32, 1, '2022-03-21'),
(37, 4, 2, 2, 4, '2022-03-21'),
(38, 12, 1, 22, 2, '2022-03-21'),
(39, 12, 1, 34, 1, '2022-03-21'),
(40, 5, 2, 41, 5, '2022-03-21'),
(41, 4, 1, 16, 1, '2022-03-21'),
(42, 5, 2, 30, 4, '2022-03-21'),
(43, 4, 2, 23, 4, '2022-03-21'),
(44, 7, 2, 17, 5, '2022-03-22'),
(45, 7, 1, 26, 3, '2022-03-22'),
(46, 9, 1, 13, 3, '2022-03-22'),
(47, 14, 1, 23, 1, '2022-03-22'),
(48, 1, 2, 30, 4, '2022-03-22'),
(49, 5, 2, 39, 5, '2022-03-22'),
(50, 9, 2, 39, 4, '2022-03-22'),
(51, 9, 2, 2, 5, '2022-03-22'),
(52, 4, 1, 14, 2, '2022-03-22'),
(53, 11, 2, 32, 4, '2022-03-22'),
(54, 12, 2, 10, 4, '2022-03-22'),
(55, 12, 1, 38, 1, '2022-03-22'),
(56, 6, 2, 19, 4, '2022-03-22'),
(57, 11, 1, 40, 2, '2022-03-22'),
(58, 14, 1, 25, 3, '2022-03-22'),
(59, 11, 2, 21, 5, '2022-03-22'),
(60, 6, 1, 12, 1, '2022-03-22'),
(61, 1, 1, 17, 3, '2022-03-22'),
(62, 2, 2, 28, 4, '2022-03-22'),
(63, 2, 1, 20, 3, '2022-03-22'),
(64, 5, 1, 2, 3, '2022-03-22'),
(65, 8, 1, 16, 3, '2022-03-22'),
(66, 5, 1, 24, 2, '2022-03-22'),
(67, 5, 1, 8, 2, '2022-03-22'),
(68, 2, 2, 14, 5, '2022-03-22'),
(69, 7, 2, 4, 5, '2022-03-23'),
(70, 5, 1, 3, 2, '2022-03-23'),
(71, 4, 2, 28, 4, '2022-03-23'),
(72, 15, 2, 21, 4, '2022-03-23'),
(73, 15, 2, 17, 4, '2022-03-23'),
(74, 7, 2, 43, 4, '2022-03-23'),
(75, 9, 2, 7, 5, '2022-03-23'),
(76, 15, 2, 40, 5, '2022-03-23'),
(77, 15, 2, 8, 4, '2022-03-23'),
(78, 7, 1, 31, 2, '2022-03-23'),
(79, 13, 1, 22, 1, '2022-03-23'),
(80, 3, 2, 37, 4, '2022-03-23'),
(81, 7, 1, 41, 2, '2022-03-23'),
(82, 15, 1, 16, 2, '2022-03-23'),
(83, 8, 2, 1, 5, '2022-03-23'),
(84, 11, 2, 44, 4, '2022-03-23'),
(85, 5, 1, 4, 3, '2022-03-23'),
(86, 5, 2, 32, 4, '2022-03-23'),
(87, 15, 1, 37, 2, '2022-03-23'),
(88, 15, 2, 24, 4, '2022-03-23'),
(89, 11, 1, 18, 1, '2022-03-24'),
(90, 11, 1, 16, 1, '2022-03-24'),
(91, 1, 1, 21, 1, '2022-03-24'),
(92, 4, 1, 31, 3, '2022-03-24'),
(93, 13, 2, 14, 5, '2022-03-24'),
(94, 2, 1, 16, 2, '2022-03-24'),
(95, 7, 1, 29, 1, '2022-03-24'),
(96, 6, 2, 5, 5, '2022-03-24'),
(97, 11, 1, 38, 3, '2022-03-24'),
(98, 5, 2, 29, 5, '2022-03-24'),
(99, 2, 2, 17, 5, '2022-03-24'),
(100, 1, 2, 28, 5, '2022-03-24');
